{
  "timestamp": "2025-11-22 14:12:47",
  "config": {
    "dof_range": [
      8,
      20
    ],
    "samples_per_dof": 1000,
    "max_iterations": 500,
    "tolerance": 1e-06,
    "robot_seed": 42,
    "sample_seed": 42
  },
  "total_time_s": 8.252351999282837,
  "benchmarks": [
    {
      "dof": 8,
      "robot_stats": {
        "total_dof": 8,
        "num_revolute": 4,
        "num_prismatic": 4,
        "total_chain_length": 2.7025482331940376
      },
      "num_samples": 1000,
      "robot_seed": 50,
      "sample_seed": 42,
      "cold_start_zero": {
        "cases": 1000,
        "successes": 444,
        "failures": 556,
        "success_rate": 44.4,
        "avg_time_us": 779.8214680033198,
        "avg_iterations": 15.34009009009009,
        "avg_pos_error_mm": 0.00013568005998896782,
        "avg_rot_error": 1.7498957061115016e-07
      },
      "cold_start_random": {
        "cases": 1000,
        "successes": 222,
        "failures": 778,
        "success_rate": 22.2,
        "avg_time_us": 1099.7723779955777,
        "avg_iterations": 16.085585585585587,
        "avg_pos_error_mm": 0.00014451191698813926,
        "avg_rot_error": 1.857605455918295e-07
      },
      "warm_start": {
        "cases": 1000,
        "successes": 999,
        "failures": 1,
        "success_rate": 99.9,
        "avg_time_us": 12.379977993987268,
        "avg_iterations": 5.794794794794795,
        "avg_pos_error_mm": 0.00016330886687272787,
        "avg_rot_error": 1.8252130900972508e-07
      },
      "benchmark_time_s": 2.023834466934204
    },
    {
      "dof": 9,
      "robot_stats": {
        "total_dof": 9,
        "num_revolute": 6,
        "num_prismatic": 3,
        "total_chain_length": 3.217590397121617
      },
      "num_samples": 1000,
      "robot_seed": 51,
      "sample_seed": 42,
      "cold_start_zero": {
        "cases": 1000,
        "successes": 967,
        "failures": 33,
        "success_rate": 96.7,
        "avg_time_us": 82.11232301437121,
        "avg_iterations": 14.655635987590486,
        "avg_pos_error_mm": 0.0002097158501865971,
        "avg_rot_error": 7.3189972109961635e-09
      },
      "cold_start_random": {
        "cases": 1000,
        "successes": 660,
        "failures": 340,
        "success_rate": 66.0,
        "avg_time_us": 548.321252003916,
        "avg_iterations": 16.60909090909091,
        "avg_pos_error_mm": 0.00022674057789409696,
        "avg_rot_error": 7.344995488196894e-08
      },
      "warm_start": {
        "cases": 1000,
        "successes": 1000,
        "failures": 0,
        "success_rate": 100.0,
        "avg_time_us": 9.325042015007057,
        "avg_iterations": 4.537,
        "avg_pos_error_mm": 0.00013102660240289088,
        "avg_rot_error": 1.1006346824706063e-08
      },
      "benchmark_time_s": 0.7318511009216309
    },
    {
      "dof": 10,
      "robot_stats": {
        "total_dof": 10,
        "num_revolute": 8,
        "num_prismatic": 2,
        "total_chain_length": 2.5922151600459737
      },
      "num_samples": 1000,
      "robot_seed": 52,
      "sample_seed": 42,
      "cold_start_zero": {
        "cases": 1000,
        "successes": 954,
        "failures": 46,
        "success_rate": 95.39999999999999,
        "avg_time_us": 135.35251399116532,
        "avg_iterations": 19.5125786163522,
        "avg_pos_error_mm": 0.00024384402886721234,
        "avg_rot_error": 6.473119584519293e-08
      },
      "cold_start_random": {
        "cases": 1000,
        "successes": 747,
        "failures": 253,
        "success_rate": 74.7,
        "avg_time_us": 517.0716549982899,
        "avg_iterations": 24.085676037483267,
        "avg_pos_error_mm": 0.00028190139270931584,
        "avg_rot_error": 1.3307097727395418e-07
      },
      "warm_start": {
        "cases": 1000,
        "successes": 1000,
        "failures": 0,
        "success_rate": 100.0,
        "avg_time_us": 11.316615996292967,
        "avg_iterations": 4.774,
        "avg_pos_error_mm": 0.0001037996610685622,
        "avg_rot_error": 7.909302423880514e-08
      },
      "benchmark_time_s": 0.7590093612670898
    },
    {
      "dof": 11,
      "robot_stats": {
        "total_dof": 11,
        "num_revolute": 8,
        "num_prismatic": 3,
        "total_chain_length": 3.5551375103751943
      },
      "num_samples": 1000,
      "robot_seed": 53,
      "sample_seed": 42,
      "cold_start_zero": {
        "cases": 1000,
        "successes": 879,
        "failures": 121,
        "success_rate": 87.9,
        "avg_time_us": 300.6140490051621,
        "avg_iterations": 20.070534698521048,
        "avg_pos_error_mm": 0.00022583157341025283,
        "avg_rot_error": 2.7897504834147952e-08
      },
      "cold_start_random": {
        "cases": 1000,
        "successes": 612,
        "failures": 388,
        "success_rate": 61.199999999999996,
        "avg_time_us": 834.9148540155511,
        "avg_iterations": 20.59967320261438,
        "avg_pos_error_mm": 0.00023816033430102814,
        "avg_rot_error": 6.16877286419612e-08
      },
      "warm_start": {
        "cases": 1000,
        "successes": 1000,
        "failures": 0,
        "success_rate": 100.0,
        "avg_time_us": 10.852542021893896,
        "avg_iterations": 4.549,
        "avg_pos_error_mm": 0.00011143620755827593,
        "avg_rot_error": 3.574310339363264e-08
      },
      "benchmark_time_s": 1.2467834949493408
    },
    {
      "dof": 12,
      "robot_stats": {
        "total_dof": 12,
        "num_revolute": 10,
        "num_prismatic": 2,
        "total_chain_length": 3.6293041439463676
      },
      "num_samples": 1000,
      "robot_seed": 54,
      "sample_seed": 42,
      "cold_start_zero": {
        "cases": 1000,
        "successes": 983,
        "failures": 17,
        "success_rate": 98.3,
        "avg_time_us": 82.46573599444673,
        "avg_iterations": 13.788402848423194,
        "avg_pos_error_mm": 0.0001893396414996901,
        "avg_rot_error": 5.660839109600478e-08
      },
      "cold_start_random": {
        "cases": 1000,
        "successes": 880,
        "failures": 120,
        "success_rate": 88.0,
        "avg_time_us": 349.19878701202833,
        "avg_iterations": 22.436363636363637,
        "avg_pos_error_mm": 0.00023762548995161058,
        "avg_rot_error": 1.2414142966699056e-07
      },
      "warm_start": {
        "cases": 1000,
        "successes": 1000,
        "failures": 0,
        "success_rate": 100.0,
        "avg_time_us": 12.702602992249012,
        "avg_iterations": 4.606,
        "avg_pos_error_mm": 9.460365615454659e-05,
        "avg_rot_error": 5.20785614895449e-08
      },
      "benchmark_time_s": 0.5419280529022217
    },
    {
      "dof": 13,
      "robot_stats": {
        "total_dof": 13,
        "num_revolute": 8,
        "num_prismatic": 5,
        "total_chain_length": 3.80254329371475
      },
      "num_samples": 1000,
      "robot_seed": 55,
      "sample_seed": 42,
      "cold_start_zero": {
        "cases": 1000,
        "successes": 996,
        "failures": 4,
        "success_rate": 99.6,
        "avg_time_us": 62.935742005720385,
        "avg_iterations": 16.43975903614458,
        "avg_pos_error_mm": 0.0003817439129459874,
        "avg_rot_error": 3.777503249545847e-08
      },
      "cold_start_random": {
        "cases": 1000,
        "successes": 889,
        "failures": 111,
        "success_rate": 88.9,
        "avg_time_us": 321.95208798202657,
        "avg_iterations": 19.158605174353205,
        "avg_pos_error_mm": 0.0003762022134231019,
        "avg_rot_error": 8.451686049570611e-08
      },
      "warm_start": {
        "cases": 1000,
        "successes": 1000,
        "failures": 0,
        "success_rate": 100.0,
        "avg_time_us": 12.358156986920221,
        "avg_iterations": 4.444,
        "avg_pos_error_mm": 8.267371396000398e-05,
        "avg_rot_error": 2.3887137857341704e-08
      },
      "benchmark_time_s": 0.49121594429016113
    },
    {
      "dof": 14,